ix_id,fac_id
1384,231
1384,616
1384,240
1384,15
1384,1402
1384,239
1384,173
1384,1423
1384,878
1384,1436
1384,1415
1384,311
1384,1435
1384,38
1384,437
1384,1434
1584,240
1584,1730
1584,15
1584,221
1584,25
1584,223
1584,173
1584,698
1584,728
1584,38
1584,437
1179,584
918,411
1705,1793
2,179
1585,907
1064,1150
858,1103
1744,880
4,17
4,253
4,18
5,326
6,224
6,593
6,208
7,282
7,496
1586,1650
1586,1655
1457,1499
1457,1377
976,958
8,550
8,680
8,708
8,1305
1458,150
857,700
857,607
857,524
1460,1560
1460,1576
1460,1972
1460,1563
1460,1566
1460,1553
1460,1569
1460,1556
1460,1572
1460,1559
1460,1575
1460,1562
1460,1573
1460,1565
1460,1568
1460,1555
1460,1571
1460,1558
1460,1574
1460,1577
1460,1561
1460,660
1460,1564
1460,1567
1460,1554
1460,1570
1460,1557
1101,253
17,263
1783,848
11,913
1292,1255
1292,1243
1292,1724
1292,1242
21,782
22,332
22,333
23,40
23,177
23,191
23,234
23,42
23,457
23,759
23,41
23,176
23,39
23,410
23,62
23,1496
23,437
23,353
23,15
25,1612
162,807
162,299
162,17
162,747
162,1265
162,1244
162,172
162,16
162,523
1342,1345
1295,1798
1811,147
30,150
30,578
30,214
30,135
30,321
30,275
30,274
31,15
31,62
920,954
1461,601
1461,1379
1461,1076
32,826
32,1234
32,1271
32,507
32,1270
32,469
32,644
32,615
32,1272
33,266
33,826
33,1069
33,594
33,507
33,469
33,650
33,615
1180,62
1181,6
1182,671
38,1262
38,1448
39,135
39,103
1183,901
1184,5
1184,16
1664,1260
1664,552
1664,1437
1664,321
1664,1348
1664,274
1664,578
1664,214
1664,1211
1664,420
1664,1551
1664,806
1664,1107
1664,1381
1664,1221
1664,1262
1664,455
1664,1448
1664,275
1664,1429
1785,1398
1785,1882
1785,1036
1785,746
1785,939
1785,1962
1785,938
1185,136
1186,13
41,552
41,1381
41,1211
41,1262
41,420
41,1448
41,1437
41,1803
41,1551
42,1396
42,150
42,312
42,889
42,180
42,670
921,1072
921,1025
921,1923
921,1890
43,578
43,806
43,1107
43,1260
43,1395
43,1429
43,214
43,455
43,1221
43,275
43,321
43,1348
43,274
1104,1248
1104,1182
1066,785
1066,1511
1066,1132
1343,871
1343,176
1343,100
1343,522
1343,90
1343,805
1343,779
1343,101
1343,312
1343,253
1343,608
1343,803
1343,1333
1343,826
1343,741
1343,1124
1343,423
1343,666
1343,1346
1343,415
1297,1939
1298,1939
1299,1940
1301,1938
77,294
77,591
77,1042
77,295
77,1111
77,798
77,1074
77,797
52,539
52,1601
52,1605
52,1162
52,554
52,540
1813,1982
53,784
56,294
56,157
56,300
56,173
56,38
56,207
56,437
56,19
56,384
1018,1105
1018,739
57,294
57,591
57,538
57,295
57,1042
58,923
58,336
58,38
58,1043
58,335
58,916
58,322
59,1779
59,1778
59,1603
59,1878
59,880
59,281
1623,1663
1814,758
1303,1022
1303,1153
1037,1021
1037,1153
1037,870
62,942
63,114
63,79
63,511
63,45
977,79
977,114
977,1796
977,1808
977,1727
977,1718
977,45
977,511
977,1355
977,1750
977,288
977,1749
977,852
66,858
67,222
67,161
67,90
67,531
67,873
67,216
67,1670
67,210
67,228
67,1384
67,1613
67,381
1624,1666
1624,1755
1624,1806
903,1035
69,558
69,9
71,1021
71,1909
71,1935
71,870
1347,1616
1347,1296
1347,1880
1347,1906
1007,1443
72,132
72,780
74,319
74,1024
51,555
51,556
75,157
75,156
75,44
75,819
79,1081
146,500
115,1391
1471,1538
1039,1190
118,383
119,692
1668,870
1668,1021
1668,1666
1668,1041
121,81
121,212
121,344
861,828
160,786
932,57
932,1064
932,424
932,164
932,1406
932,55
932,1023
932,1168
932,286
932,346
124,703
125,749
1108,432
1108,327
1108,1028
131,565
131,1958
131,566
134,419
134,1039
134,1187
134,427
134,1197
134,348
134,291
134,401
134,565
134,398
134,702
134,1958
134,463
134,87
134,779
134,566
134,935
134,778
134,663
135,427
135,1187
135,348
135,702
135,291
135,398
135,935
135,1984
1098,1546
1098,692
1098,1356
1098,1139
1098,1021
1098,1105
1098,739
1098,1274
1098,1041
1098,870
933,563
1390,1105
1390,1369
145,761
1068,1159
1068,741
1068,101
1068,1067
980,866
980,1095
147,699
147,1259
147,796
147,1016
147,548
147,795
147,473
148,1267
148,1266
148,1268
978,1390
149,432
149,327
149,1028
151,80
151,758
151,71
152,406
153,1207
153,1360
1670,1711
156,1138
156,1905
156,1816
1747,38
1747,36
1747,341
130,379
130,269
130,462
130,1331
130,72
130,589
130,260
130,268
130,831
130,1781
130,1261
130,10
158,36
158,228
158,210
158,1186
158,334
158,90
159,424
159,164
159,1064
1789,1942
163,208
163,1245
164,434
164,181
165,13
165,828
165,1979
165,297
167,151
167,296
167,271
167,748
167,1264
167,1224
167,462
167,1729
167,298
167,537
171,474
171,349
81,1356
81,754
175,687
176,494
178,490
178,491
181,922
181,678
1112,1963
1041,1119
1041,296
1041,1
1041,764
1041,1254
1041,445
1041,1431
1111,253
183,1197
183,398
183,567
183,339
183,38
183,87
183,168
183,568
183,463
183,62
183,15
183,427
183,419
183,231
183,173
183,291
183,881
183,566
183,123
183,437
183,663
183,303
183,569
183,759
183,348
183,433
183,778
183,565
183,36
183,436
183,294
183,91
183,925
1749,150
1749,956
1195,1916
1195,1167
1195,1886
1195,1166
1422,503
1422,691
1422,1616
1422,150
1422,509
1422,1424
1422,1442
1422,1589
1422,746
1422,220
1422,1015
1422,449
1422,180
1422,1383
1422,939
1422,670
1422,1978
1422,938
1349,758
1349,1800
1349,71
1010,254
1010,1326
1010,611
1010,710
1307,810
1307,1217
1307,1233
1307,208
1307,479
1307,1223
1307,6
1307,224
1307,1215
1307,1245
1307,1210
1672,86
184,237
184,189
184,695
184,493
184,46
184,729
184,654
184,694
184,1185
184,1731
184,671
184,711
184,894
184,1332
184,3
184,1872
184,811
1011,1236
1011,524
1011,607
1011,1011
1011,700
185,170
185,998
185,63
185,830
185,147
1673,1732
207,874
207,804
207,753
207,1136
207,38
207,153
207,341
207,342
207,1497
207,1002
207,929
207,68
207,1135
207,37
207,64
207,911
207,149
207,937
207,36
207,49
207,218
207,302
186,1120
186,325
186,1235
186,541
186,502
186,334
186,337
1674,721
1790,979
1790,1650
187,304
187,720
187,1674
187,1335
187,1624
187,1349
187,882
187,812
882,1424
882,1015
1012,862
1012,1377
1675,1008
1350,503
1350,509
1350,1442
1350,220
1350,449
1350,1978
1626,1645
1626,1656
981,73
188,777
188,76
188,74
188,947
1351,503
1351,509
1351,1424
1351,1442
1351,220
1351,1015
1351,449
189,574
189,136
515,550
515,1125
515,1276
515,1327
515,1389
515,680
515,1277
515,708
515,255
515,886
190,357
190,229
190,838
190,1137
190,570
190,1218
190,65
191,69
191,111
191,20
191,537
191,483
191,561
191,445
191,396
191,506
191,369
191,1063
191,558
191,167
191,320
191,14
191,560
191,279
191,9
191,520
191,112
191,816
191,272
191,169
191,298
191,542
191,933
191,423
191,1048
191,612
191,262
1676,86
1676,1007
1676,1732
1676,337
1676,721
1676,1008
1677,1007
192,373
1791,1978
1474,263
1474,1631
1474,104
1474,584
1474,1652
1474,371
1474,735
690,633
690,636
690,690
193,640
193,1251
193,614
193,588
193,1252
197,722
1353,384
198,93
198,86
198,352
198,1253
1819,1318
204,779
204,778
1354,1307
1392,1386
1392,1206
1679,1546
1710,1882
982,974
982,931
208,72
208,831
983,479
983,224
983,762
209,478
209,189
210,69
210,9
210,14
210,545
210,369
210,933
211,104
213,616
213,231
213,878
213,173
214,551
219,360
1423,1419
220,825
220,451
1565,1657
221,508
221,643
221,388
1424,1506
223,240
223,221
223,698
223,1060
1476,457
1476,40
1476,177
1476,430
1476,759
1476,39
1476,176
1476,1811
1476,62
1476,925
1476,437
1476,15
224,70
224,76
224,1658
224,74
224,875
225,70
225,76
225,74
225,875
225,1658
866,741
866,253
1681,1757
1043,860
1043,871
1043,872
1793,644
1793,826
1070,465
1070,737
1070,927
989,564
1071,534
1071,464
1071,608
1044,595
1044,261
1044,1549
1044,1097
1044,425
1682,670
1072,116
1072,77
1072,1196
1072,1177
1072,522
1072,803
1072,393
1072,533
1751,1969
1751,1883
228,40
228,177
228,430
228,925
228,437
228,457
229,1671
229,379
229,10
1013,71
867,1908
867,470
230,6
230,224
230,382
868,309
868,909
231,107
231,404
231,99
231,656
232,302
232,218
232,49
232,929
232,1548
232,38
233,488
233,339
233,1112
233,721
234,103
234,1175
234,135
234,415
234,688
869,991
235,314
235,1
236,46
236,250
236,729
236,671
236,3
236,730
239,1309
239,578
239,214
239,1586
239,441
239,1587
239,102
239,805
239,1588
239,1795
239,1585
649,1113
649,1441
649,240
1309,1249
1752,1881
870,73
240,672
240,25
240,783
240,1079
240,187
240,248
240,345
241,163
241,7
241,60
871,74
242,482
242,1802
242,760
242,52
242,51
243,306
243,608
1241,1202
244,444
244,13
246,604
246,365
246,364
246,358
1567,1600
1753,1125
1753,680
247,21
247,8
247,20
247,252
247,251
249,552
249,1437
262,5
262,4
262,241
250,351
250,439
250,1977
250,316
250,158
250,31
250,1716
250,48
1014,1549
1242,518
1242,579
252,5
252,206
252,205
252,4
252,264
253,58
253,1109
1045,1124
254,1339
254,150
254,312
254,1396
254,670
255,303
255,787
255,91
256,77
256,888
256,713
256,1250
256,803
256,522
256,1177
257,899
257,100
257,517
257,450
259,11
259,666
261,346
261,57
261,504
265,87
265,463
273,284
1569,709
1569,1374
1569,1593
1569,1580
1569,1333
274,254
274,1326
274,390
274,611
274,710
275,979
872,862
276,550
276,610
276,1086
276,1125
276,886
276,1212
276,1269
276,680
276,1389
276,1455
276,1454
276,708
276,1894
276,255
277,1236
277,1971
277,524
277,607
277,1453
277,1373
277,1974
277,1011
277,1452
277,1975
277,700
1243,582
1243,1440
1243,1056
1243,1201
1243,192
1243,1185
1243,694
1243,491
1243,1299
1243,1332
1243,1294
1243,1300
1243,1338
1243,1318
1243,1919
1243,1287
1244,1189
1244,1188
1244,1314
1244,1386
1244,204
1244,915
1115,1786
281,1500
281,569
1117,569
279,1112
279,339
279,721
1118,339
283,1392
1119,1392
1394,1378
1821,1983
1821,31
1821,1957
1425,1421
1425,576
1425,101
1629,217
1629,1893
1629,1892
1629,1891
1445,253
1196,1004
987,1031
1479,173
1479,231
1178,543
1178,587
1178,600
1178,13
1178,257
1178,280
1178,301
1178,270
1178,598
1178,258
1480,201
1480,424
1480,149
1480,39
1480,1811
1480,1351
1480,55
1480,689
1480,15
1630,475
284,574
284,136
285,315
285,290
285,285
285,351
285,31
285,481
285,1640
285,34
285,48
285,50
1711,573
287,1007
287,165
287,1358
1395,424
1395,1370
1395,1366
874,310
874,253
293,40
293,191
293,36
293,376
293,49
293,57
293,41
293,149
293,56
293,38
293,87
293,356
293,324
293,15
1426,1335
1426,1151
1426,1328
1426,720
1426,812
1426,1976
1426,294
1426,1970
1426,1111
1426,1152
1426,1349
1426,1394
1426,882
294,1398
1481,322
1481,1514
298,854
298,9
298,20
1794,1041
1794,870
316,763
316,757
316,599
936,855
292,969
292,968
1757,1895
1757,1941
1822,1965
1398,1921
1398,1804
908,1398
908,1882
908,1036
908,1931
908,746
908,939
908,938
305,848
305,1911
305,867
305,1920
593,240
593,173
593,881
593,1157
593,311
593,1156
309,756
309,73
309,219
1125,73
1125,328
1125,756
1125,219
308,328
1758,38
1122,240
1122,173
1122,881
1122,1157
1122,311
1122,1156
1571,1456
1124,240
1124,221
1124,173
1124,881
1124,1157
1124,728
1124,311
1124,1156
1572,1451
310,240
310,1451
310,221
310,231
310,173
310,881
310,1157
310,1885
310,728
310,239
310,311
310,1156
310,38
310,1435
310,1434
310,1456
1357,5
1357,83
1357,370
1357,217
1357,1322
1357,758
1357,354
1357,1290
1357,93
1357,1002
1357,1310
1357,1291
1357,25
1357,1303
1357,154
1357,800
1357,431
1357,1312
1357,505
1357,1341
1357,6
1357,510
1357,1131
1357,1309
1357,218
1357,13
1357,295
1357,358
1357,947
1357,1278
1357,319
1357,794
1357,176
1357,100
1357,339
1357,136
1357,1
1357,1321
1357,1001
1357,31
1357,579
1357,470
1357,214
1357,1284
1357,371
1357,916
1357,1318
1357,1295
1357,1334
1357,384
1357,113
1357,317
1357,296
1357,1335
1357,172
1357,1812
1357,517
1357,177
1357,1323
1357,899
1357,415
1357,1351
1357,1286
1357,2
1357,1319
1357,144
1357,1403
1357,38
1357,15
1357,147
1357,592
1357,1288
1357,173
1357,424
1357,1623
1357,1280
1357,558
1357,462
1357,1185
1357,210
1357,1342
1357,450
1357,110
1357,1325
1357,9
1357,918
1357,544
1357,1301
1357,1281
1357,76
1357,1337
1357,1279
1357,475
1357,1282
1357,1328
1357,1289
1357,640
1357,150
1357,1350
1357,740
1357,341
1357,1285
1357,192
1357,45
1357,670
1357,1336
1357,347
1357,189
1357,114
1357,1320
1357,1298
1357,882
1357,19
1357,103
1357,1317
311,427
311,569
311,15
311,419
311,36
311,1197
311,294
311,291
311,398
311,348
311,303
311,87
311,91
311,463
311,62
311,437
312,203
314,367
1714,1206
315,224
1247,201
1631,15
1631,201
1631,39
320,289
320,377
320,378
1201,921
1127,204
1127,1206
1127,192
1199,1032
326,1914
1359,1346
330,879
330,723
330,135
330,397
331,32
331,15
331,36
331,33
331,57
331,158
331,31
331,316
331,481
331,35
331,176
331,136
331,164
331,81
331,290
1490,1043
1490,335
1490,916
333,934
334,1377
334,1614
383,1632
335,1146
1685,1746
1075,1756
1686,1753
1128,1752
1076,1751
1687,1720
336,1754
1688,1744
1689,1747
1400,1737
338,283
340,1027
340,107
340,404
340,817
340,99
340,106
1801,274
1801,1309
1801,1040
1360,1227
1360,700
1360,607
1129,1154
1129,1155
741,683
741,97
741,871
741,860
741,872
741,307
683,465
683,737
683,927
683,293
341,179
341,422
827,456
827,464
827,534
827,608
837,595
837,261
837,1549
837,425
837,1097
342,116
342,77
342,1932
342,1196
342,522
342,803
342,393
342,533
345,428
345,932
345,750
1132,428
1132,932
1132,750
1130,428
1130,932
1130,750
1131,428
1131,932
1131,750
1720,1813
1134,1174
1134,1172
1135,1478
1135,1479
1135,1161
655,967
655,940
655,842
655,963
655,989
655,1170
655,972
655,1092
655,1486
1446,1463
1446,1464
662,515
662,1231
662,1521
662,1760
662,667
662,837
662,719
662,1433
662,1461
662,1518
662,1759
662,1517
662,1903
662,984
662,546
678,814
1250,1182
358,559
358,1213
1251,1204
368,908
1252,1295
880,1014
880,1512
880,1013
1202,1943
1202,76
1202,1183
1202,1934
1576,1769
1576,1620
1254,1203
1760,1842
1760,25
1760,1860
1760,26
1760,415
1760,1837
1402,1374
1402,1212
1402,1373
1402,442
1402,1397
374,1490
374,1546
374,1735
374,1734
374,1886
374,1041
374,870
1448,1450
1448,700
1633,572
1633,604
1633,830
1633,457
1633,54
1633,15
1633,147
1633,704
1633,437
1633,759
1633,40
1633,430
1633,229
1633,210
1633,489
1633,177
1633,36
1633,63
1633,1279
1633,925
1633,1719
1633,570
1633,358
377,1053
377,1055
377,529
377,664
377,662
377,330
377,384
377,38
377,207
377,1050
377,1052
377,1340
347,638
347,340
347,684
347,801
347,775
347,181
347,1206
347,705
347,1493
347,1785
1447,1607
1447,1445
1006,1726
370,907
370,387
370,958
370,1513
370,1509
370,902
1363,1664
381,1027
381,107
381,404
381,817
381,99
381,106
382,1642
382,1641
382,480
382,230
382,1713
382,1625
1217,944
1217,1890
1019,1110
1137,914
1137,1029
1137,354
1137,659
1494,1262
1494,1448
387,1503
387,552
387,420
387,774
387,1551
388,1107
388,214
388,82
388,455
388,1504
388,275
388,321
388,988
388,274
1365,1262
1365,1448
389,552
389,1381
389,1503
389,420
389,1437
389,1871
389,634
389,658
389,1551
1825,1981
1825,1980
392,578
392,1040
392,1107
392,1260
392,455
392,214
392,1504
392,321
392,275
392,1134
392,1673
392,1672
394,403
394,1017
940,1510
940,1021
940,1905
940,1105
940,1018
940,1041
940,870
1405,1611
398,914
398,1029
398,1736
398,354
398,659
398,1357
1316,996
1316,899
1316,1122
1316,1194
1316,13
1316,642
1316,7
1316,16
1406,773
1257,784
1257,1192
1257,1193
400,970
401,485
941,954
402,601
402,1076
1407,1379
1366,1343
1495,1550
405,340
405,1801
405,162
405,192
405,204
405,915
405,827
405,606
405,1797
405,1206
990,1071
883,1005
410,36
410,49
410,64
410,152
410,174
410,375
410,149
410,38
410,458
410,341
410,1186
410,37
999,845
412,83
412,1140
412,214
412,1639
412,1124
412,1316
412,321
412,1388
1341,1156
1341,1353
901,1144
901,1145
884,1006
419,25
419,53
419,672
419,347
419,876
419,783
419,1079
419,24
419,187
419,248
419,1407
419,26
419,345
419,23
419,906
419,19
419,22
419,901
417,25
417,53
417,347
417,672
417,876
417,783
417,1079
417,24
417,187
417,248
417,1407
417,26
417,345
417,23
417,906
417,19
417,22
417,901
359,482
359,277
359,1802
359,51
359,1812
1762,601
1762,1888
1762,1076
420,296
420,1
420,1851
420,971
420,1833
420,1854
420,477
420,999
420,1832
420,1853
420,1852
371,768
371,146
1826,1953
423,323
1081,347
1081,783
1081,672
1081,25
1081,187
1081,26
1081,345
1081,23
1081,948
1081,19
1081,22
441,370
441,133
441,1077
441,1936
441,949
441,438
441,407
441,1365
441,1937
1763,1904
1435,253
194,572
194,40
194,489
194,704
194,15
426,368
1829,1948
430,475
1141,168
431,917
431,336
433,941
433,336
438,25
438,347
438,672
438,783
438,53
438,1079
438,1922
438,187
438,24
438,26
438,345
438,23
438,19
438,22
438,901
1083,147
1083,830
1083,63
435,36
435,1439
435,1320
435,176
435,149
435,458
435,38
435,1186
1030,562
1030,356
439,16
439,160
443,1104
443,317
443,35
443,318
443,791
443,443
443,501
452,485
1724,1788
453,605
473,769
1764,1882
1764,1036
1764,746
1764,938
1764,1398
1336,1208
1336,1539
1336,423
1336,1425
457,516
1497,1492
1265,1054
518,955
460,565
460,566
462,182
462,419
462,790
462,401
462,87
462,168
462,463
462,779
462,446
462,233
462,663
462,778
462,232
463,433
464,322
466,427
466,398
466,348
466,291
466,350
466,772
466,905
1142,46
1142,894
1056,580
474,175
474,194
476,220
476,449
476,1078
476,1019
476,1020
476,1179
1637,1709
886,1117
1029,1128
479,745
479,1376
479,513
479,674
885,865
481,271
481,244
481,262
481,547
481,635
481,298
481,1256
481,669
1639,1490
483,1659
483,1118
1799,1912
1799,1918
1799,952
1834,933
1834,14
488,691
488,150
488,312
488,1339
488,868
488,1589
488,180
488,889
488,1102
488,670
488,1383
489,826
489,1069
489,1874
489,507
489,469
489,644
489,1968
489,650
489,615
268,161
268,381
268,210
268,228
268,90
490,478
490,46
490,1083
490,1090
490,671
490,732
490,894
490,493
490,695
490,1865
490,904
490,1872
490,811
490,730
490,189
490,492
490,895
490,694
490,1864
490,3
490,903
490,1855
490,1859
490,729
490,250
490,1861
490,1868
490,1845
269,147
269,170
269,63
270,302
270,36
270,49
270,1002
270,64
270,218
270,68
270,1148
270,149
270,929
270,342
270,38
270,937
271,1220
271,202
271,541
271,334
271,1120
492,59
492,1851
492,1835
492,1854
492,999
492,1
492,748
492,1847
492,974
492,1850
492,1833
492,1853
492,1085
492,1306
492,1091
492,922
492,296
492,1224
492,431
492,678
492,1846
492,477
492,1832
492,1849
492,84
492,1084
492,151
492,1840
492,690
492,931
492,414
492,971
492,1915
492,1848
493,465
493,927
493,1678
493,976
493,308
493,1075
493,305
493,1046
493,1876
493,293
494,734
494,163
494,60
494,190
494,1089
494,1870
494,1838
494,1265
494,16
494,7
494,172
494,1869
494,1866
494,1841
494,1839
495,456
495,712
495,943
495,1178
495,1329
495,1315
495,1873
495,306
495,464
495,608
495,534
495,1924
496,595
496,261
496,1669
496,1549
496,426
496,1097
499,885
499,58
499,47
499,767
499,973
499,1863
499,235
497,116
497,77
497,1875
497,713
497,1932
497,1952
497,682
497,1177
497,1196
497,1330
497,522
497,803
497,1099
497,1925
497,1098
497,393
497,533
487,329
487,1834
498,294
498,591
272,65
272,229
500,724
500,1930
500,1926
500,331
500,736
500,1929
500,11
500,693
500,183
500,1308
500,666
500,1928
500,1927
1085,1101
459,231
459,173
459,1415
1765,1899
1765,1900
502,301
502,598
502,600
887,766
887,802
887,1292
887,1311
887,563
887,1293
887,697
887,1313
887,1302
887,696
750,1951
750,1314
750,162
750,606
505,340
505,1206
505,460
505,743
505,1073
505,1739
503,211
503,1843
503,110
503,1297
503,1283
503,1324
503,1380
503,1422
503,224
503,613
503,1310
503,1210
503,596
1835,1966
506,808
506,1001
506,1492
506,604
506,1054
506,1508
506,742
506,364
506,820
506,358
507,918
507,89
507,604
507,820
508,238
509,1076
510,836
513,681
1837,16
1837,7
1837,172
1837,1265
1640,1643
1640,1662
1640,897
1640,1661
1640,355
1640,1634
1640,637
1640,1635
1640,1644
1367,1354
1729,1810
519,109
519,448
519,794
519,226
519,243
519,122
519,209
519,242
524,1879
524,1088
524,1898
524,793
531,432
532,451
533,354
1318,354
534,359
1449,1449
1088,1158
541,129
541,1964
541,128
541,676
541,127
541,199
541,44
541,38
1146,129
1146,128
1146,676
1146,127
1146,199
542,829
542,223
559,1818
559,1326
559,710
559,1777
559,1828
559,611
559,1830
558,1742
558,1743
558,1820
558,1827
558,1824
558,1228
558,607
558,1373
558,1823
558,1825
558,1011
558,1831
558,700
1147,1699
560,1826
560,1377
557,1086
557,1776
557,1125
557,1771
557,1681
557,1305
557,1704
557,1772
557,1327
557,680
557,1695
557,1765
557,1775
557,1693
557,1764
557,1702
557,1683
557,1703
557,1721
557,1819
557,1694
557,1774
557,1790
557,1822
557,1777
557,1748
557,886
557,1770
557,1821
557,1682
557,1773
576,292
576,370
576,1936
576,201
576,93
576,1059
576,843
576,25
576,64
576,41
576,141
576,67
576,631
576,1937
576,36
576,410
576,1494
576,88
576,228
576,1761
576,176
576,136
576,466
576,155
576,42
576,313
576,1087
576,222
576,385
576,31
576,435
576,113
576,37
576,345
576,125
576,1796
576,535
576,131
576,177
576,302
576,137
576,191
576,38
576,54
576,198
576,15
576,457
576,90
576,126
576,536
576,178
576,138
576,210
576,1096
576,1808
576,216
576,86
576,945
576,39
576,245
576,1057
576,392
576,234
576,731
576,62
576,341
576,23
576,139
576,486
576,45
576,893
576,946
576,353
576,453
576,437
576,704
576,759
576,40
576,114
576,430
576,481
576,1058
576,19
576,63
576,140
1800,1321
581,9
581,14
581,320
581,169
581,20
581,298
581,445
998,645
1499,1552
1693,1945
554,890
554,930
554,1741
554,256
556,259
563,1698
563,1772
561,1580
561,709
562,1650
562,442
564,1059
564,338
564,1058
564,356
564,435
564,198
1730,1829
855,835
566,46
566,5
566,83
566,1529
566,1954
566,967
566,217
566,72
566,184
566,604
566,671
566,1586
566,1420
566,581
566,454
566,87
566,11
566,354
566,1617
566,1597
566,300
566,57
566,1002
566,957
566,135
566,256
566,1094
566,1310
566,204
566,25
566,382
566,237
566,444
566,78
566,41
566,787
566,348
566,162
566,948
566,180
566,977
566,449
566,803
566,645
566,553
566,6
566,84
566,47
566,1131
566,218
566,36
566,672
566,1309
566,295
566,13
566,169
566,590
566,1092
566,1618
566,252
566,358
566,441
566,599
566,176
566,136
566,205
566,20
566,100
566,257
566,989
566,26
566,445
566,1111
566,577
566,485
566,1
566,163
566,79
566,888
566,116
566,1441
566,402
566,31
566,158
566,214
566,1122
566,1175
566,506
566,7
566,1955
566,345
566,1587
566,1783
566,591
566,14
566,691
566,1079
566,1959
566,172
566,517
566,613
566,1946
566,206
566,302
566,60
566,21
566,899
566,826
566,177
566,1048
566,415
566,27
566,925
566,272
566,432
566,980
566,1594
566,996
566,32
566,471
566,783
566,1339
566,550
566,1590
566,763
566,1194
566,8
566,38
566,186
566,474
566,346
566,606
566,220
566,1588
566,1067
566,15
566,457
566,171
566,274
566,870
566,54
566,58
566,173
566,497
566,796
566,61
566,504
566,22
566,303
566,841
566,883
566,28
566,44
566,3
566,450
566,70
566,1491
566,1599
566,713
566,1585
566,1591
566,294
566,9
566,250
566,49
566,773
566,512
566,729
566,1040
566,187
566,76
566,39
566,1887
566,127
566,16
566,91
566,55
566,666
566,1856
566,720
566,150
566,59
566,1409
566,207
566,321
566,23
566,522
566,102
566,341
566,62
566,463
566,642
566,1316
566,240
566,30
566,108
566,578
566,362
566,248
566,4
566,929
566,1592
566,192
566,366
566,472
566,264
566,805
566,670
566,123
566,663
566,241
566,437
566,730
566,688
566,251
566,1413
566,221
566,312
566,77
566,347
566,430
566,759
566,40
566,940
566,56
566,1320
566,1857
566,459
566,19
566,956
566,1177
566,24
566,103
566,723
566,262
1841,599
1841,1887
1841,1857
1841,763
1841,1856
1842,1860
1151,93
1151,86
1151,196
1151,230
568,86
568,93
568,196
568,230
570,525
570,203
1152,525
1152,203
1500,1500
1500,1112
1500,339
1501,1500
1501,1112
1501,339
572,675
572,521
572,303
572,528
572,1062
572,399
572,1009
572,91
572,1061
572,123
572,526
572,1367
1153,675
1153,1367
1153,521
1153,399
1153,528
1153,1062
1153,1009
1153,91
1153,1061
1153,123
1153,526
1153,303
1154,675
1154,1367
1154,521
1154,399
1154,528
1154,1062
1154,1009
1154,91
1154,1061
1154,123
1154,526
1154,303
1155,675
1155,1367
1155,521
1155,399
1155,528
1155,1062
1155,1009
1155,91
1155,1061
1155,123
1155,526
1155,303
573,1457
573,527
573,1205
1156,1457
1156,527
1156,1205
997,62
997,437
1067,1129
1067,646
1320,1240
1320,1241
1642,1633
863,951
863,952
865,711
865,811
878,582
1644,1630
826,585
1645,1636
1646,1628
1647,1637
1648,1627
1649,1665
1502,1626
647,104
647,263
647,1371
647,1651
647,1621
647,1631
647,584
647,1649
647,1652
647,495
647,1648
647,735
647,1622
647,371
647,1654
647,1660
647,1638
647,575
1376,953
691,690
719,809
1651,1647
1652,1629
1223,766
1223,1176
1223,1239
1733,93
1733,1087
546,959
546,1547
546,850
588,706
588,586
588,861
588,1444
588,851
588,799
588,701
588,148
588,853
588,707
589,857
589,1358
589,195
589,1007
589,165
592,131
592,88
592,63
600,38
600,324
600,36
1694,1018
1695,11
1695,666
1695,183
594,802
594,246
594,563
594,145
594,1114
594,1133
594,766
594,1219
594,1176
594,1209
594,697
594,856
594,1239
594,1609
594,696
594,1311
595,265
1311,1228
1311,700
1311,607
598,287
603,869
1031,1012
1369,1967
1369,1401
1370,1036
1224,717
613,121
613,97
614,118
614,94
614,119
615,179
616,98
617,120
617,96
618,115
618,95
618,117
619,427
619,398
619,348
619,291
619,702
619,772
619,727
1654,1733
1579,1602
1579,1088
1579,1908
1579,470
1579,1884
1735,1879
1510,1907
621,1944
1696,1295
623,986
623,1677
623,1714
623,997
623,1604
623,1544
623,642
623,987
891,986
891,987
1331,87
1331,339
1332,173
1332,916
914,427
914,291
914,398
914,348
914,702
914,339
914,173
914,87
914,335
914,916
914,935
914,966
914,463
914,322
1160,427
1160,291
1160,398
1160,348
1160,702
1160,322
1160,87
1160,335
1160,916
1160,935
1160,966
892,427
892,398
892,291
892,348
892,702
892,339
892,966
892,935
892,335
892,916
892,87
892,322
915,427
915,291
915,398
915,348
915,702
915,322
915,87
915,335
915,916
915,935
915,966
627,183
1581,518
1581,1000
1581,579
636,60
636,4
636,105
636,7
636,47
1373,1758
1513,1545
1226,1180
641,223
641,36
641,651
641,676
641,127
641,199
641,38
641,44
1737,1815
1737,1814
1697,1041
1697,1740
1334,1275
1032,1237
1032,1956
1032,1194
1032,1122
645,645
645,85
608,592
608,1782
608,813
648,1214
648,484
648,896
350,1466
650,1468
650,1467
650,1100
651,982
652,1476
652,751
652,1477
652,985
652,1598
653,1432
653,1480
654,744
654,1428
654,1462
654,514
654,962
654,1169
654,1483
654,1482
352,755
656,668
656,1487
353,975
353,981
657,1489
658,983
658,815
658,1488
879,1044
659,1515
659,1608
659,1516
659,1610
660,1065
660,992
661,1003
663,1427
663,1858
663,1393
663,1817
663,993
664,1418
664,844
664,964
354,1523
354,1047
665,995
666,1525
666,1524
355,994
667,1536
667,1537
668,1409
668,1529
668,100
668,581
668,1532
668,1535
668,402
668,1526
668,1459
668,413
668,1495
668,1530
668,841
668,883
668,1534
668,1787
668,1411
668,459
668,343
668,517
668,977
668,1528
668,1131
668,450
668,899
668,840
668,1533
668,1405
668,1598
668,1527
669,1901
669,1469
669,1470
669,1933
669,1902
670,1472
670,1475
670,961
670,1474
670,1460
670,1473
671,950
671,1416
672,1484
672,960
672,990
672,1485
673,648
673,965
673,980
673,518
673,579
673,978
673,1000
673,1412
673,1522
673,530
673,725
673,476
1628,253
674,221
674,716
674,715
674,714
674,718
674,717
964,653
964,1121
964,1115
677,1385
1277,15
1277,36
1277,1844
1165,1745
1165,1160
1089,340
1089,1143
1089,1142
1089,1387
1089,1763
682,1200
682,1836
682,1600
682,602
682,597
682,577
687,313
687,125
687,245
687,435
687,353
687,453
687,466
687,704
687,946
917,928
917,254
1703,1723
685,806
685,839
685,884
685,891
1091,36
1091,1208
1091,1539
1091,384
1091,1425
1090,846
1090,207
1090,384
1452,616
1517,1498
1518,26
894,1010
688,771
688,1352
688,770
689,1258
689,418
689,1030
689,1222
689,1794
689,391
692,505
692,1579
693,1410
693,847
693,664
693,662
693,1414
693,384
693,207
693,38
693,330
1227,1173
1227,1447
1335,1273
1335,1216
1335,1232
695,655
895,1038
1033,1056
1700,1780
1700,1717
1700,1284
1167,147
1005,411
1659,1809
697,832
697,833
697,642
697,834
733,34
733,31
699,1037
699,565
699,87
699,433
699,566
1411,256
1411,1346
1741,1801
1741,1206
703,193
703,885
703,776
703,1581
703,1259
703,340
703,684
703,58
703,801
703,1949
703,47
703,1206
703,273
703,973
703,1961
967,1049
1803,1973
706,897
706,355
706,461
706,637
706,1634
707,497
1168,1126
710,1009
710,399
710,91
710,123
710,521
1453,521
1453,1009
1453,399
1453,91
1453,123
1519,1505
1519,203
1804,230
1454,1009
1454,399
1454,91
1454,123
1379,1212
1379,708
1379,1347
1379,1269
712,93
712,86
712,480
712,230
712,134
713,1247
713,203
1059,1457
1412,1375
718,1779
718,866
718,1789
718,1225
718,1095
718,919
718,1603
718,1072
718,1778
718,1878
718,880
718,1226
718,1025
718,1890
718,281
1413,1399
1580,1615
1035,162
1035,192
1035,606
1035,204
1035,1206
722,440
722,1430
722,665
724,5
724,2
724,253
724,523
724,310
724,267
724,18
724,1867
725,323
725,322
728,193
728,885
728,776
728,1581
728,1259
728,340
728,684
728,58
728,801
728,1949
728,47
728,1206
728,273
728,973
728,1961
730,294
730,1728
730,295
730,1363
730,1446
730,1606
730,1238
730,898
730,44
730,1094
730,1458
736,691
736,150
736,312
736,1653
736,1396
736,1913
736,892
736,936
736,868
736,1589
736,180
736,366
736,889
736,670
736,1127
736,1383
736,956
737,180
737,124
1522,253
739,652
738,651
738,223
740,362
740,363
1000,1917
745,1646
746,389
747,139
747,40
747,1171
747,41
747,410
747,466
747,356
747,562
747,15
1170,1257
1170,236
1170,235
1170,1130
1281,1198
1281,1206
1230,36
1230,1186
1230,458
1230,794
1110,1149
704,1191
752,521
752,399
752,1009
752,91
752,123
752,303
1337,217
753,361
753,609
753,227
753,1304
1663,870
1663,1667
1663,1668
755,57
755,411
755,1960
755,1947
755,92
755,164
755,424
755,1950
755,75
755,55
755,346
755,504
756,294
540,1025
540,1026
540,1890
786,388
786,240
786,221
786,1506
786,508
786,714
786,1441
786,36
786,698
786,728
786,1113
786,821
786,1507
786,1060
786,1578
786,38
786,643
782,912
782,1108
1003,1164
1003,1163
766,641
766,185
767,630
767,619
767,821
767,698
767,1507
767,622
767,38
767,341
767,643
767,240
767,626
767,1441
767,629
767,728
767,618
767,621
767,221
767,624
767,625
767,628
767,617
767,620
767,623
767,1596
767,627
768,859
781,1583
781,685
781,1595
897,824
1094,1151
1094,661
1094,1152
772,765
772,1263
773,217
774,200
777,1877
777,335
777,916
780,197
979,866
979,1095
972,866
972,1095
972,220
860,374
860,1080
1396,177
1396,457
1396,759
1396,40
1396,292
1396,39
1396,1811
1396,925
1396,62
1396,1791
1396,437
1396,15
1279,599
1284,1195
789,679
789,1184
790,1619
764,154
764,808
764,604
764,364
764,820
764,1045
764,583
794,159
794,331
794,1106
794,11
794,666
794,183
794,693
794,1862
796,150
797,824
1338,1072
1338,1025
1338,1226
1338,880
1338,1890
1338,1225
1776,1896
1776,1335
1776,1889
1776,1897
1776,1074
801,460
803,471
803,472
1061,1123
805,863
805,1465
974,101
974,741
809,173
809,239
809,231
811,544
811,810
811,208
811,224
811,6
807,1816
1344,812
1344,1328
1809,689
823,592
823,604
824,1159
824,1404
824,101
824,1582
824,1738
824,1420
824,1421
824,1067
824,576
824,1413
817,639
828,689
828,44
828,43
1777,177
1777,759
1777,40
1777,54
1777,15
1777,218
1777,302
1777,1910
1777,929
1777,1548
1777,45
1777,1750
1777,31
1777,925
1777,38
1777,1749
1777,437
1777,457
1777,49
833,401
833,348
833,291
833,87
833,778
1416,487
1416,1368
898,1344
1743,550
1743,680
1743,708
836,487
836,657
836,647
836,649
1382,1359
1523,680
1851,253
1779,1159
842,603
845,887
846,498
847,1181
1781,5
1781,1867
1781,253
851,447
853,135
856,417
1704,1762
